64.176.168.63,2443,IL,The Constant Company LLC
212.80.205.244,8443,IL,OMC COMPUTERS COMMUNICATIONS LTD
185.162.126.185,443,IL,OMC COMPUTERS COMMUNICATIONS LTD
172.104.127.132,443,JP,Linode
109.123.231.212,443,JP,Contabo GmbH
138.3.222.33,443,JP,Oracle Network Information Services
64.176.40.224,3533,JP,The Constant Company LLC
168.138.46.67,443,JP,Oracle Public Cloud
172.104.117.43,12452,JP,Linode
168.138.46.115,43138,JP,Oracle Public Cloud
64.176.42.125,10008,JP,The Constant Company LLC
64.176.42.125,10001,JP,Vultr Holdings LLC
168.138.213.1,50003,JP,Oracle Public Cloud
112.161.226.144,50001,KR,Korea Telecom
144.24.73.232,443,KR,Oracle Corp UK Ltd
112.184.246.22,50001,KR,Korea Telecom
172.105.62.71,2443,IN,Linode
211.48.77.114,12312,KR,Korea Telecom
112.184.94.152,50001,KR,Korea Telecom
211.46.71.98,50001,KR,Korea Telecom
146.56.182.217,54266,KR,Oracle Corporation Global software solutions California USA
211.226.15.137,50001,KR,Korea Telecom
146.56.140.79,22561,KR,Cloudflare London LLC
188.240.213.125,443,KG,RCS Technologies FZE LLC
211.219.241.28,31337,KR,Korea Telecom
211.229.77.184,27443,KR,Korea Telecom
146.56.140.79,20309,KR,Cloudflare Inc
158.180.72.60,443,KR,oracle
146.56.140.79,44699,KR,Cloudflare London LLC
112.184.215.199,50001,KR,Korea Telecom
112.185.223.152,50001,KR,Korea Telecom
113.131.137.237,50001,KR,LG HelloVision Corp
146.56.48.138,23010,IN,Oracle Corporation Global software solutions California USA
64.110.70.205,23022,KR,Oracle Corporation
46.232.122.240,8000,HK,Dom Tehniki Ltd
172.232.112.240,587,IN,Linode
77.91.69.84,443,IL,Webhost LLC
139.185.34.131,443,AE,Oracle Corporation
104.248.145.216,443,SG,DigitalOcean LLC
90.156.252.176,2053,KZ,Beget LLC
8.219.1.169,443,SG,Alibaba Cloud Singapore Private Limited
146.235.19.79,28983,SG,Oracle Corporation
31.192.238.71,2053,SG,PDK LLC
156.244.1.250,8443,ID,Lightnode Limited
167.88.172.224,443,SG,RouterHosting LLC
152.32.181.246,44070,AE,UCLOUD INFORMATION TECHNOLOGY HK LIMITED
171.103.232.58,20475,TH,True Internet Co Ltd
185.239.48.237,443,IL,LLC Smart Ape
212.80.205.244,2053,IL,OMC COMPUTERS COMMUNICATIONS LTD
156.154.245.84,443,BR,Vercara LLC
212.52.0.61,1846,JP,Prinode AB
147.45.49.11,8443,JP,GLOBAL CONNECTIVITY SOLUTIONS LLP
147.45.49.11,2053,JP,GLOBAL CONNECTIVITY SOLUTIONS LLP
43.133.10.236,33405,JP,6 COLLYER QUAY
47.79.35.191,443,JP,Alibaba Cloud LLC
47.79.43.222,443,JP,Alibaba Cloud LLC
168.138.51.8,8443,JP,Oracle Public Cloud
152.69.192.40,57005,JP,Oracle Corporation
176.126.164.213,443,KG,Hoster kg Ltd
147.45.49.164,24443,JP,GLOBAL CONNECTIVITY SOLUTIONS LLP
146.56.99.22,20443,KR,Oracle Corporation Global software solutions California USA
43.155.186.100,446,KR,6 COLLYER QUAY
146.56.99.255,56789,KR,Oracle Corporation Global software solutions California USA
175.211.26.18,50001,KR,Korea Telecom
175.205.95.168,50001,KR,Korea Telecom
152.67.211.114,58337,KR,Oracle Public Cloud
131.186.18.212,28887,KR,Oracle Corporation
193.122.114.82,443,KR,Oracle Corporation
114.34.202.224,10004,TW,Chunghwa Telecom CoLtd
152.67.197.197,19120,KR,Oracle Public Cloud
152.67.209.237,22053,KR,Oracle Public Cloud
193.122.126.64,53777,KR,Oracle Public Cloud
43.132.244.52,21415,HK,6 COLLYER QUAY
8.210.29.68,443,HK,Aliyun Computing CoLTD
175.215.175.175,50003,KR,Korea Telecom
193.122.115.67,4434,KR,Oracle Public Cloud
8.212.27.131,443,HK,Alibaba Cloud Singapore Private Limited
129.154.202.229,8443,KR,Oracle Corporation
131.186.24.124,587,KR,Oracle Public Cloud
146.56.42.21,7777,KR,Cloudflare London LLC
192.252.182.52,7602,HK,Integen Inc
43.156.181.203,443,SG,16 COLLYER QUAY
43.156.116.194,443,SG,6 COLLYER QUAY
175.205.88.229,50001,KR,Korea Telecom
47.236.119.190,51342,SG,Alibaba Cloud LLC
43.134.164.53,443,SG,6 COLLYER QUAY
77.91.69.141,8443,IL,Webhost LLC
47.254.235.252,443,MY,Alibaba Cloud MY
139.180.159.133,443,SG,SGPVULTRCUST
47.250.59.132,443,MY,Alibaba Cloud MY
47.254.206.121,443,MY,Alibaba Cloud MY
39.118.46.193,12131,KR,SK Broadband Co Ltd
175.202.135.114,12427,KR,Korea Telecom
152.69.199.70,8443,JP,Oracle Corporation
160.22.215.254,443,BD,AKBOR POWER NET
39.108.184.201,443,SG,Alibaba Cloud LLC
43.252.41.204,2443,HK,CommuniLink Internet Ltd
176.97.67.38,443,AE,3nt solutions LLP
83.222.22.61,2053,KZ,Beget LLC
51.79.158.58,2053,SG,OVH Singapore PTE LTD
103.159.170.124,443,BD,MD AKASH AS ONLINE
171.103.164.62,30921,TH,True Internet Co Ltd
152.32.255.24,587,VN,UCLOUD INFORMATION TECHNOLOGY HK LIMITED
146.235.18.248,45137,SG,Oracle Corporation
47.79.41.201,443,JP,Alibaba Cloud Singapore Private Limited